Title,Media URL,Pinterest board,Thumbnail,Description,Link,Publish date,Keywords
"Intermittent vs Prolonged Fasting","https://raw.githubusercontent.com/gupta-aayushkr/Pinterest-Gen/master/images/intermittent-fasting-vs-prolonged-fasting.png","Health & Longevity/Nutrition","","Compare the health benefits of intermittent fasting with prolonged 24+ hour fasting, from insulin sensitivity to deep cellular autophagy.","","2026-06-15T05:00:00","intermittent fasting, prolonged fasting, autophagy, longevity, nutrition"
"The Truth About Seed Oils","https://raw.githubusercontent.com/gupta-aayushkr/Pinterest-Gen/master/images/truth-about-seed-oils.png","Health & Longevity/Nutrition","","Understand how highly processed seed oils cause inflammation, and discover healthier alternatives like olive and avocado oil.","","2026-06-15T06:00:00","seed oils, inflammation, healthy fats, olive oil, nutrition"
"Mouth Taping for Better Sleep","https://raw.githubusercontent.com/gupta-aayushkr/Pinterest-Gen/master/images/mouth-taping-for-better-sleep.png","Health & Longevity/Sleep","","Learn why mouth taping enhances nasal breathing, increases oxygen intake, and promotes deeper restorative sleep.","","2026-06-15T07:00:00","mouth taping, nasal breathing, sleep optimization, deep sleep, wellness"
"Understanding Heart Rate Variability","https://raw.githubusercontent.com/gupta-aayushkr/Pinterest-Gen/master/images/understanding-heart-rate-variability.png","Health & Longevity/Fitness","","What your HRV reveals about your nervous system balance, recovery, and overall resilience to stress.","","2026-06-15T08:00:00","heart rate variability, HRV, nervous system, recovery, fitness"
"Zone 2 vs Zone 5 Cardio","https://raw.githubusercontent.com/gupta-aayushkr/Pinterest-Gen/master/images/zone-2-vs-zone-5-cardio.png","Health & Longevity/Fitness","","The difference between Zone 2 and Zone 5 cardio, and why you need both for mitochondrial health and VO2 max.","","2026-06-15T09:00:00","zone 2 cardio, zone 5 cardio, VO2 max, mitochondrial health, fitness"
"Glycine for Deep Sleep","https://raw.githubusercontent.com/gupta-aayushkr/Pinterest-Gen/master/images/glycine-and-deep-sleep.png","Health & Longevity/Sleep","","How the amino acid glycine lowers your core body temperature and promotes highly restorative deep sleep.","","2026-06-15T10:00:00","glycine, deep sleep, sleep optimization, amino acids, wellness"
"Signs of Magnesium Deficiency","https://raw.githubusercontent.com/gupta-aayushkr/Pinterest-Gen/master/images/signs-of-magnesium-deficiency.png","Health & Longevity/Nutrition","","Muscle cramps, fatigue, and poor sleep can all be signs of magnesium deficiency. Learn what to look for.","","2026-06-15T11:00:00","magnesium deficiency, muscle cramps, fatigue, minerals, health"
"The 80/20 Rule for Nutrition","https://raw.githubusercontent.com/gupta-aayushkr/Pinterest-Gen/master/images/the-80-20-rule-for-nutrition.png","Health & Longevity/Nutrition","","How to build a sustainable diet by focusing 80% on nutrient-dense whole foods and 20% on flexible soul foods.","","2026-06-15T12:00:00","80 20 rule, nutrition, balanced diet, whole foods, healthy eating"
"Hormetic Stressors: Cold & Heat","https://raw.githubusercontent.com/gupta-aayushkr/Pinterest-Gen/master/images/hormetic-stressors-cold-and-heat.png","Health & Longevity/Wellness","","How controlled exposure to cold plunges and saunas can build resilience, reduce inflammation, and boost longevity.","","2026-06-15T13:00:00","hormetic stress, cold plunge, sauna benefits, resilience, longevity"
"Sarcopenia & Muscle Longevity","https://raw.githubusercontent.com/gupta-aayushkr/Pinterest-Gen/master/images/sarcopenia-why-muscle-is-longevity.png","Health & Longevity/Fitness","","Why preserving muscle mass through strength training is one of the most important things you can do for healthy aging.","","2026-06-15T14:00:00","sarcopenia, muscle mass, strength training, healthy aging, fitness"
